first_name,last_name,email_cart,country_box,address_line1,address_line2,city,postcode,mobile,alt_first_name,alt_last_name,alt_country_box,alt_address_line1,alt_address_line2,alt_city,alt_postcode,alt_mobile,card_number,exp_month,exp_year,cvv
Pipi,Pupu,poopy@pip.com,159,Red Square,Saint Basil's Cathedral,Moscow,123123,88005553535,Pipi,Pupu,159,Red Square,Saint Basil's Cathedral,Moscow,123123,88005553535,4276434365658780,11,22,621
Biba,Boba,bob@pip.com,158,Green Square,Saint Basil's Cathedral,Moscow,123123,88005553535,Pipi,Pupu,159,Red Square,Saint Basil's Cathedral,Moscow,123123,88005553535,4276434365658780,11,22,621
"																				"
"																				"
"																				"
"																				"
"																				"
"																				"
"																				"
"																				"
"																				"
"																				"
"																				"
"																				"
"																				"
"																				"
"																				"
"																				"
"																				"
"																				"
"																				"